{
    "$schema": "https://raw.githubusercontent.com/mspnp/template-building-blocks/master/schemas/buildingBlocks.json",
    "contentVersion": "1.0.0.0",
    "parameters": {
      "buildingBlocks": {
        "value": [  
          {
            "type": "VirtualMachineExtension",
            "settings": [
              {
                "vms": [
                  "ra-adfs-adfs-vm1"
                ],
                "extensions": [
                  {
                      "name": "addsc",
                      "publisher": "Microsoft.Powershell",
                      "type": "DSC",
                      "typeHandlerVersion": "2.7",
                      "autoUpgradeMinorVersion": true,
                      "settings": {
                          "ModulesUrl": "https://github.com/mspnp/identity-reference-architectures/raw/master/adfs/adfs.zip",
                          "ConfigurationFunction":"adfs-farm.ps1\\InstallADFS",
                          "Properties": {
                              "DomainName": "contoso.com",
                              "NetBiosDomainName": "CONTOSO",
                              "FederationName": "adfs.contoso.com",
                              "Description": "Contoso Corporation",
                              "AdminCreds": {
                                "UserName": "testuser",
                                "Password": "PrivateSettingsRef:AdminPassword"
                              }                      
                          }
                      },
                      "protectedSettings": {
                          "Items": {
                              "AdminPassword": "AweS0me@PW"
                          }
                      }
                  }
                ]
              }
            ]
          }
        ]
      }
    }
  }