{
  "$schema": "https://raw.githubusercontent.com/mspnp/template-building-blocks/master/schemas/buildingBlocks.json",
  "contentVersion": "1.0.0.0",
  "parameters": {
    "buildingBlocks": {
      "value": [
        {
          "type": "VirtualMachine",
          "settings": {
            "vmCount": 2,
            "namePrefix": "ra-adfs-ad",
            "computerNamePrefix": "aad",
            "virtualNetwork": {
              "name": "ra-adfs-vnet"
            },
            "size": "Standard_DS3_v2",
            "adminUsername": "testuser",
            "adminPassword": "AweS0me@PW",
            "osType": "windows",
            "imageReference": {
              "publisher": "MicrosoftWindowsServer",
              "offer": "WindowsServer",
              "sku": "2016-Datacenter",
              "version": "latest"
            },
            "nics": [
              {
                "isPublic": false,
                "subnetName": "adds",
                "privateIPAllocationMethod": "Static",
                "startingIPAddress": "10.0.4.4",
                "isPrimary": true
              }
            ],
            "dataDisks": {
              "count": 1,
              "diskSizeGB": 127,
              "caching": "None",
              "createOption": "empty"
            },
            "storageAccounts": {
              "count": 2
            },
            "extensions": [
              {
                  "name": "addsc",
                  "publisher": "Microsoft.Powershell",
                  "type": "DSC",
                  "typeHandlerVersion": "2.7",
                  "autoUpgradeMinorVersion": true,
                  "settings": {
                       "ModulesUrl": "https://github.com/mspnp/identity-reference-architectures/raw/master/adfs/adfs.zip",
                       "ConfigurationFunction":"azure.ps1\\CreateDomainController",
                       "Properties": {
                            "DomainName": "contoso.com",
                            "SiteName": "Azure-Vnet-Site",
                            "PrimaryDcIpAddress": "192.168.0.4",
                            "HostIp": "10.0.5.30",
                            "HostName": "adfs",
                            "FederationName": "adfs.contoso.com",
                            "AdminCreds": {
                                 "UserName": "testuser",
                                 "Password": "PrivateSettingsRef:AdminPassword"
                            },
                            "SafeModeAdminCreds": {
                                 "UserName": "safeadminuser",
                                 "Password": "PrivateSettingsRef:SafeModeAdminPassword"
                            }
                       }
                    },
                    "protectedSettings": {
                        "Items": {
                            "AdminPassword": "AweS0me@PW",
                            "SafeModeAdminPassword": "Saf3M0de@PW"
                        }
                    }
                }
            ]     
          }
        },
        {
          "type": "VirtualNetwork",
          "settings": [
            {
              "name": "ra-adfs-vnet",
              "addressPrefixes": [
                "10.0.0.0/16"
              ],
              "subnets": [
                  {
                      "name": "dmz-private-in",
                      "addressPrefix": "10.0.0.0/27"
                    },
                    {
                      "name": "dmz-private-out",
                      "addressPrefix": "10.0.0.32/27"
                    },
                    {
                      "name": "dmz-public-in",
                      "addressPrefix": "10.0.0.64/27"
                    },
                    {
                      "name": "dmz-public-out",
                      "addressPrefix": "10.0.0.96/27"
                    },
                    {
                      "name": "mgmt",
                      "addressPrefix": "10.0.0.128/25"
                    },
                    {
                      "name": "GatewaySubnet",
                      "addressPrefix": "10.0.255.224/27"
                    },
                    {
                      "name": "web",
                      "addressPrefix": "10.0.1.0/24"
                    },
                    {
                      "name": "biz",
                      "addressPrefix": "10.0.2.0/24"
                    },
                    {
                      "name": "data",
                      "addressPrefix": "10.0.3.0/24"
                    },
                    {
                      "name": "adds",
                      "addressPrefix": "10.0.4.0/27"
                    },
                    {
                      "name": "adfs",
                      "addressPrefix": "10.0.5.0/27"
                    },
                    {
                      "name": "proxy",
                      "addressPrefix": "10.0.6.0/27"
                    }
              ],
              "dnsServers": [
                  "10.0.4.4",
                  "10.0.4.5",
                  "192.168.0.4",
                  "192.168.0.5"
              ]
            }
          ]
        },
        { 
          "type": "VirtualMachine", 
          "settings": { 
            "vmCount": 1,
            "namePrefix": "ra-adfs-jb", 
            "size": "Standard_DS1_v2", 
            "adminUsername": "testuser", 
            "adminPassword": "AweS0me@PW", 
            "osType": "windows", 
            "virtualNetwork": { 
              "name": "ra-adfs-vnet" 
            }, 
            "nics": [ 
              { 
                "subnetName": "mgmt" 
              } 
            ] 
          } 
        },
        {
          "type": "VirtualMachine",
          "settings":[
            {
              "vmCount": 2,
              "namePrefix": "ra-adfs-adfs",
              "computerNamePrefix": "adfs",
              "size": "Standard_DS2_v2",
              "osType": "windows",
              "adminUsername": "testuser",
              "adminPassword": "AweS0me@PW",
              "virtualNetwork": {
                "name": "ra-adfs-vnet"
              },            
              "nics": [
                {
                  "isPublic": false,
                  "subnetName": "adfs",
                  "privateIPAllocationMethod": "Static",
                  "startingIPAddress": "10.0.5.4",
                  "isPrimary": true,
                  "enableIPForwarding": false,
                  "backendPoolNames": [
                    "ra-adfs-adfs-lb-bep"
                  ]
                }
              ],
              "imageReference": {
                "publisher": "MicrosoftWindowsServer",
                "offer": "WindowsServer",
                "sku": "2016-Datacenter",
                "version": "latest"
              },
              "dataDisks": {
                "count": 1,
                "properties": {
                  "diskSizeGB": 128,
                  "caching": "None",
                  "createOption": "Empty"
                }
              },
              "loadBalancerSettings": {
                "frontendIPConfigurations": [
                  {
                    "name": "ra-adfs-adfs-lb-fe",
                    "loadBalancerType": "Internal",
                    "internalLoadBalancerSettings": {
                      "privateIPAddress": "10.0.5.30",
                      "subnetName": "adfs"
                    }
                  }
                ],
                "backendPools": [
                  {
                    "name": "ra-adfs-adfs-lb-bep",
                    "nicIndex": 0
                  }
                ],
                "loadBalancingRules": [
                  {
                    "name": "https-rule",
                    "frontendPort": 443,
                    "backendPort": 443,
                    "protocol": "Tcp",
                    "backendPoolName": "ra-adfs-adfs-lb-bep",
                    "frontendIPConfigurationName": "ra-adfs-adfs-lb-fe",
                    "probeName": "https-probe",
                    "enableFloatingIP": false
                  }
                ],
                "probes": [
                  {
                    "name": "https-probe",
                    "port": 443,
                    "protocol": "Tcp"
                  }
                ]
              }
            }
          ]
        },
        {
          "type": "VirtualMachine",
          "settings": [
            {
                "vmCount": 2,
                "namePrefix": "ra-adfs-proxy",
                "computerNamePrefix": "proxy",
                "size": "Standard_DS2_v2",
                "osType": "windows",
                "adminUsername": "testuser",
                "adminPassword": "AweS0me@PW",
                "virtualNetwork": {
                    "name": "ra-adfs-vnet"
                },
                "nics": [
                    {
                        "isPublic": false,
                        "subnetName": "proxy",
                        "privateIPAllocationMethod": "Static",
                        "startingIPAddress": "10.0.6.4",
                        "isPrimary": true,
                        "enableIPForwarding": false,
                        "backendPoolNames": [
                          "ra-adfs-proxy-lb-bep"
                        ]
                    }
                ],
                "imageReference": {
                    "publisher": "MicrosoftWindowsServer",
                    "offer": "WindowsServer",
                    "sku": "2016-Datacenter",
                    "version": "latest"
                },
                "dataDisks": {
                    "count": 1,
                    "properties": {
                        "diskSizeGB": 128,
                        "caching": "None",
                        "createOption": "Empty"
                    }
                },
                "loadBalancerSettings": {
                    "frontendIPConfigurations": [
                        {
                            "name": "ra-adfs-proxy-lb-fe",
                            "loadBalancerType": "Internal",
                            "internalLoadBalancerSettings": {
                                "privateIPAddress": "10.0.6.30",
                                "subnetName": "proxy"
                            }
                        }
                    ],
                    "backendPools": [
                        {
                            "name": "ra-adfs-proxy-lb-bep",
                            "nicIndex": 0
                        }
                    ],
                    "loadBalancingRules": [
                        {
                            "name": "https-rule",
                            "frontendPort": 443,
                            "backendPort": 443,
                            "protocol": "Tcp",
                            "backendPoolName": "ra-adfs-proxy-lb-bep",
                            "frontendIPConfigurationName": "ra-adfs-proxy-lb-fe",
                            "probeName": "https-probe",
                            "enableFloatingIP": false
                        }
                    ],
                    "probes": [
                        {
                            "name": "https-probe",
                            "port": 443,
                            "protocol": "Tcp"
                        }
                    ]
                }                 
            }
          ]
        },
        {
          "type": "VirtualMachineExtension",
          "settings": [
            {
              "vms": [
                "ra-adfs-adfs-vm1",
                "ra-adfs-adfs-vm2",
                "ra-adfs-proxy-vm1",
                "ra-adfs-proxy-vm2"
              ],
              "extensions": [
                {
                    "name": "addsc",
                    "publisher": "Microsoft.Powershell",
                    "type": "DSC",
                    "typeHandlerVersion": "2.7",
                    "autoUpgradeMinorVersion": true,
                    "settings": {
                      "configuration": {
                        "url": "https://github.com/mspnp/identity-reference-architectures/raw/master/adfs/adfs.zip",
                        "script": "certificatessetup.ps1",
                        "function": "Certificates"
                      }
                    },
                    "protectedSettings": {
                      "configurationArguments": {
                        "AdminCreds": {
                          "UserName": "testuser",
                          "Password": "AweS0me@PW"
                        }
                      }
                    }
                }
              ]
            }
          ]
        }      
      ]
    }
  }
}