{
    "$schema": "https://raw.githubusercontent.com/mspnp/template-building-blocks/master/schemas/buildingBlocks.json",
    "contentVersion": "1.0.0.0",
    "parameters": {
      "buildingBlocks": {
        "value": [  
          {
            "type": "VirtualNetwork",
            "settings": [
              {
                "name": "ra-adfs-onpremise-vnet",
                "addressPrefixes": [
                    "192.168.0.0/16"
                  ],
                  "subnets": [
                    {
                      "name": "adds",
                      "addressPrefix": "192.168.0.0/24"
                    },
                    {
                        "name": "GatewaySubnet",
                        "addressPrefix": "192.168.255.224/27"
                    }
                  ],
                  "dnsServers": [
                    "192.168.0.4",
                    "192.168.0.5",
                    "168.63.129.16"
                ]
              }
            ]
          },
          {
              "type": "VirtualNetworkGateway",
              "settings": {
                  "name": "ra-adfs-onprem-vpn-gateway1",
                  "gatewayType": "Vpn",
                  "vpnType": "RouteBased",
                  "sku": "VpnGw1",
                  "isPublic": true,
                  "virtualNetwork": {
                      "name": "ra-adfs-onpremise-vnet"
                  }
              }
          },
          {
            "type": "VirtualNetwork",
            "settings": [
              {
                "name": "ra-adfs-vnet",
                "addressPrefixes": [
                  "10.0.0.0/16"
                ],
                "subnets": [
                    {
                        "name": "dmz-private-in",
                        "addressPrefix": "10.0.0.0/27"
                      },
                      {
                        "name": "dmz-private-out",
                        "addressPrefix": "10.0.0.32/27"
                      },
                      {
                        "name": "dmz-public-in",
                        "addressPrefix": "10.0.0.64/27"
                      },
                      {
                        "name": "dmz-public-out",
                        "addressPrefix": "10.0.0.96/27"
                      },
                      {
                        "name": "mgmt",
                        "addressPrefix": "10.0.0.128/25"
                      },
                      {
                        "name": "GatewaySubnet",
                        "addressPrefix": "10.0.255.224/27"
                      },
                      {
                        "name": "web",
                        "addressPrefix": "10.0.1.0/24"
                      },
                      {
                        "name": "biz",
                        "addressPrefix": "10.0.2.0/24"
                      },
                      {
                        "name": "data",
                        "addressPrefix": "10.0.3.0/24"
                      },
                      {
                        "name": "adds",
                        "addressPrefix": "10.0.4.0/27"
                      },
                      {
                        "name": "adfs",
                        "addressPrefix": "10.0.5.0/27"
                      },
                      {
                        "name": "proxy",
                        "addressPrefix": "10.0.6.0/27"
                      }
                ],
                "dnsServers": [
                    "192.168.0.4",
                    "192.168.0.5",
                    "168.63.129.16"
                ]
              }
            ]
          },
          {
            "type": "VirtualMachine",
            "settings": {
              "vmCount": 2,
              "namePrefix": "ra-adfs-onpremise-ad",
              "computerNamePrefix": "ad",
              "size": "Standard_DS3_v2",
              "adminUsername": "testuser",
              "adminPassword": "AweS0me@PW",
              "virtualNetwork": {
                "name": "ra-adfs-onpremise-vnet"
              },
              "storageAccounts": {
                "count": 2,
                "managed": true
              },
              "diagnosticStorageAccounts": {
                "count": 1,
                "encryptBlobStorage": true,
                "encryptFileStorage": true
              },
              "nics": [
                {
                  "isPublic": false,
                  "isPrimary": true,
                  "privateIPAllocationMethod": "Static",
                  "subnetName": "adds",
                  "startingIPAddress": "192.168.0.4"
                }
              ],
              "osType": "windows",
              "imageReference": {
                "publisher": "MicrosoftWindowsServer",
                "offer": "WindowsServer",
                "sku": "2016-Datacenter",
                "version": "latest"
              },
              "dataDisks": {
                "count": 1
              }
            }
          },
          {
            "type": "VirtualMachineExtension",
            "settings": [
              {
                "vms": [
                  "ra-adfs-onpremise-ad-vm1"
                ],
                "extensions": [
                  {
                      "name": "addsc",
                      "publisher": "Microsoft.Powershell",
                      "type": "DSC",
                      "typeHandlerVersion": "2.7",
                      "autoUpgradeMinorVersion": true,
                      "settings": {
                           "ModulesUrl": "https://github.com/mspnp/identity-reference-architectures/raw/master/adds-extend-domain/adds.zip",
                           "ConfigurationFunction":"onprem-primary.ps1\\CreateForest",
                           "Properties": {
                                "DomainName": "contoso.com",
                                "DomainNetbiosName": "CONTOSO",
                                "SiteName": "Azure-Vnet-Site",
                                "OnpremSiteName": "Default-First-Site-Name",
                                "Cidr": "10.0.0.0/16",
                                "ReplicationFrequency": 10,
                                "AdminCreds": {
                                  "UserName": "testuser",
                                  "Password": "PrivateSettingsRef:AdminPassword"
                                },
                                "SafeModeAdminCreds": {
                                  "UserName": "testsafeadminuser",
                                  "Password": "PrivateSettingsRef:SafeModeAdminPassword"
                               }                       
                           }
                      },
                      "protectedSettings": {
                          "Items": {
                              "AdminPassword": "AweS0me@PW",
                              "SafeModeAdminPassword": "Saf3M0de@PW"
                          }
                      }
                  }
                ]
              }
            ]
          },
          {
            "type": "VirtualMachineExtension",
            "settings": [
              {
                "vms": [
                  "ra-adfs-onpremise-ad-vm2"
                ],
                "extensions": [
                  {
                      "name": "addsc",
                      "publisher": "Microsoft.Powershell",
                      "type": "DSC",
                      "typeHandlerVersion": "2.7",
                      "autoUpgradeMinorVersion": true,
                      "settings": {
                           "ModulesUrl": "https://github.com/mspnp/identity-reference-architectures/raw/master/adds-extend-domain/adds.zip",
                           "ConfigurationFunction":"onprem-secondary.ps1\\CreateDomainController",
                           "Properties": {
                                "DomainName": "contoso.com",
                                "DomainNetbiosName": "CONTOSO",
                                "PrimaryDcIpAddress": "192.168.0.4",
                                "AdminCreds": {
                                  "UserName": "testuser",
                                  "Password": "PrivateSettingsRef:AdminPassword"
                                },
                                "SafeModeAdminCreds": {
                                  "UserName": "testsafeadminuser",
                                  "Password": "PrivateSettingsRef:SafeModeAdminPassword"
                               }                       
                           }
                      },
                      "protectedSettings": {
                          "Items": {
                              "AdminPassword": "AweS0me@PW",
                              "SafeModeAdminPassword": "Saf3M0de@PW"
                          }
                      }
                  }
                ]
              }
            ]
          },        
          {
            "type": "VirtualNetwork",
            "settings": [
              {
                "name": "ra-adfs-onpremise-vnet",
                "addressPrefixes": [
                  "192.168.0.0/16"
                ],
                "subnets": [
                  {
                    "name": "adds",
                    "addressPrefix": "192.168.0.0/24"
                  },
                  {
                      "name": "GatewaySubnet",
                      "addressPrefix": "192.168.255.224/27"
                  }
                ],
                "dnsServers": [
                  "192.168.0.4",
                  "192.168.0.5"
                ]
              }
            ]
          },
          {
            "type": "VirtualNetworkGateway",
            "settings": {
                "name": "ra-adfs-cloud-vpn-gateway1",
                "gatewayType": "Vpn",
                "vpnType": "RouteBased",
                "sku": "VpnGw1",
                "isPublic": true,
                "virtualNetwork": {
                    "name": "ra-adfs-vnet"
                }
            }
          },
          {
            "type": "Connection",
            "settings": [
                {
                    "connectionType": "Vnet2Vnet",
                    "name": "cloud-onprem-conn",
                    "sharedKey": "AweS0me@PW",
                    "routingWeight": 1,
                    "virtualNetworkGateway1": {
                        "name": "ra-adfs-onprem-vpn-gateway1"
                    },
                    "virtualNetworkGateway2": {
                        "name": "ra-adfs-cloud-vpn-gateway1"
                    }
                  }
              ]
          },
          {
              "type": "Connection",
              "settings": [
                  {
                      "connectionType": "Vnet2Vnet",
                      "name": "onprem-cloud-conn",
                      "sharedKey": "AweS0me@PW",
                      "routingWeight": 1,
                      "virtualNetworkGateway1": {
                          "name": "ra-adfs-cloud-vpn-gateway1"
                      },
                      "virtualNetworkGateway2": {
                          "name": "ra-adfs-onprem-vpn-gateway1"
                      }
                  }
              ]
          }
        ]
      }
    }
  }