{
  "$schema": "https://raw.githubusercontent.com/mspnp/template-building-blocks/master/schemas/buildingBlocks.json",
  "contentVersion": "1.0.0.0",
  "parameters": {
    "buildingBlocks": {
      "value": [
        {
          "type": "VirtualNetwork",
          "settings": [
            {
              "name": "ra-aad-ntier-vnet",
              "addressPrefixes": [
                "10.0.0.0/16"
              ],
              "subnets": [
                {
                  "name": "web",
                  "addressPrefix": "10.0.1.0/24"
                },
                {
                  "name": "biz",
                  "addressPrefix": "10.0.2.0/24"
                },
                {
                  "name": "data",
                  "addressPrefix": "10.0.3.0/24"
                }
              ],
              "dnsServers": []
            }
          ]
        },

        {
          "type": "VirtualMachine",
          "settings": {
            "vmCount": 3,
            "namePrefix": "ra-aad-ntier-web",
            "computerNamePrefix": "cn",
            "size": "Standard_DS1_v2",
            "adminUsername": "testuser",
            "adminPassword": "<placeholder>",
            "osType": "linux",
            "virtualNetwork": {
              "name": "ra-aad-ntier-vnet"
            },
            "nics": [
              {
                "subnetName": "web",
                "privateIPAllocationMethod": "Dynamic",
                "isPublic": false
              }
            ],
            "imageReference": {
              "publisher": "Canonical",
              "offer": "UbuntuServer",
              "sku": "14.04.5-LTS",
              "version": "latest"
            },
            "dataDisks": {
              "count": 1,
              "diskSizeGB": 127,
              "caching": "None",
              "createOption": "Empty"
            }
          }
        },
        {
          "type": "VirtualMachine",
          "settings": {
            "vmCount": 3,
            "namePrefix": "ra-aad-ntier-biz",
            "computerNamePrefix": "cn",
            "size": "Standard_DS1_v2",
            "adminUsername": "testuser",
            "adminPassword": "<placeholder>",
            "osType": "linux",
            "virtualNetwork": {
              "name": "ra-aad-ntier-vnet"
            },
            "nics": [
              {
                "subnetName": "biz",
                "privateIPAllocationMethod": "Dynamic",
                "isPublic": false
              }
            ],
            "imageReference": {
              "publisher": "Canonical",
              "offer": "UbuntuServer",
              "sku": "14.04.5-LTS",
              "version": "latest"
            },
            "dataDisks": {
              "count": 1,
              "diskSizeGB": 127,
              "caching": "None",
              "createOption": "Empty"
            }
          }
        },
        {
          "type": "VirtualMachine",
          "settings": {
            "vmCount": 3,
            "namePrefix": "ra-aad-ntier-data",
            "computerNamePrefix": "cn",
            "size": "Standard_DS1_v2",
            "adminUsername": "testuser",
            "adminPassword": "<placeholder>",
            "osType": "linux",
            "virtualNetwork": {
              "name": "ra-aad-ntier-vnet"
            },
            "nics": [
              {
                "subnetName": "data",
                "privateIPAllocationMethod": "Dynamic",
                "isPublic": false
              }
            ],
            "imageReference": {
              "publisher": "Canonical",
              "offer": "UbuntuServer",
              "sku": "14.04.5-LTS",
              "version": "latest"
            },
            "dataDisks": {
              "count": 1,
              "diskSizeGB": 127,
              "caching": "None",
              "createOption": "Empty"
            }
          }
        },

        {
          "type": "VirtualMachineExtension",
          "settings": [
            {
              "vms": [
                "ra-aad-ntier-web-vm1",
                "ra-aad-ntier-web-vm2",
                "ra-aad-ntier-web-vm3"
              ],
              "extensions": [
                {
                  "name": "apache-config-ext",
                  "publisher": "Microsoft.Azure.Extensions",
                  "type": "CustomScript",
                  "typeHandlerVersion": "2.0",
                  "autoUpgradeMinorVersion": true,
                  "settings": {
                    "fileUris": [
                      "https://github.com/mspnp/identity-reference-architectures/raw/master/azure-ad/extensions/install-apache.sh"
                    ]
                  },
                  "protectedSettings": {
                    "commandToExecute": "sudo sh install-apache.sh"
                  }
                }
              ]
            }
          ]
        },

        {
          "type": "LoadBalancer",
          "settings": [
            {
              "name": "ra-aad-ntier-web-lb",
              "virtualNetwork": {
                "name": "ra-aad-ntier-vnet"
              },
              "frontendIPConfigurations": [
                {
                  "name": "ra-aad-ntier-web-lb-fe-config1",
                  "loadBalancerType": "Public"
                }
              ],
              "loadBalancingRules": [
                {
                  "name": "web-lbr1",
                  "frontendPort": 80,
                  "backendPort": 80,
                  "protocol": "Tcp",
                  "backendPoolName": "web-lb-bep1",
                  "frontendIPConfigurationName": "ra-aad-ntier-web-lb-fe-config1",
                  "enableFloatingIP": false,
                  "probeName": "web-lbp1"
                }
              ],
              "probes": [
                {
                  "name": "web-lbp1",
                  "port": 80,
                  "protocol": "Http",
                  "requestPath": "/"
                }
              ],
              "backendPools": [
                {
                  "name": "web-lb-bep1",
                  "nics": [
                    "ra-aad-ntier-web-vm1-nic1",
                    "ra-aad-ntier-web-vm2-nic1",
                    "ra-aad-ntier-web-vm3-nic1"
                  ]
                }
              ],
              "inboundNatRules": []
            },
            {
              "name": "ra-aad-ntier-biz-lb",
              "virtualNetwork": {
                "name": "ra-aad-ntier-vnet"
              },
              "frontendIPConfigurations": [
                {
                  "name": "ra-aad-ntier-biz-lb-fe-config1",
                  "loadBalancerType": "Internal",
                  "internalLoadBalancerSettings": {
                    "privateIPAddress": "10.0.2.250",
                    "subnetName": "biz"
                  }
                }
              ],
              "loadBalancingRules": [
                {
                  "name": "biz-lbr1",
                  "frontendPort": 80,
                  "backendPort": 80,
                  "protocol": "Tcp",
                  "backendPoolName": "biz-lb-bep1",
                  "frontendIPConfigurationName": "ra-aad-ntier-biz-lb-fe-config1",
                  "enableFloatingIP": false,
                  "probeName": "biz-lbp1"
                }
              ],
              "probes": [
                {
                  "name": "biz-lbp1",
                  "port": 80,
                  "protocol": "Http",
                  "requestPath": "/"
                }
              ],
              "backendPools": [
                {
                  "name": "biz-lb-bep1",
                  "nics": [
                    "ra-aad-ntier-biz-vm1-nic1",
                    "ra-aad-ntier-biz-vm2-nic1",
                    "ra-aad-ntier-biz-vm3-nic1"
                  ]
                }
              ],
              "inboundNatRules": []
            },
            {
              "name": "ra-aad-ntier-data-lb",
              "virtualNetwork": {
                "name": "ra-aad-ntier-vnet"
              },
              "frontendIPConfigurations": [
                {
                  "name": "ra-aad-ntier-data-lb-fe-config1",
                  "loadBalancerType": "Internal",
                  "internalLoadBalancerSettings": {
                    "privateIPAddress": "10.0.3.250",
                    "subnetName": "data"
                  }
                }
              ],
              "loadBalancingRules": [
                {
                  "name": "data-lbr1",
                  "frontendPort": 80,
                  "backendPort": 80,
                  "protocol": "Tcp",
                  "backendPoolName": "data-lb-bep1",
                  "frontendIPConfigurationName": "ra-aad-ntier-data-lb-fe-config1",
                  "enableFloatingIP": false,
                  "probeName": "data-lbp1"
                }
              ],
              "probes": [
                {
                  "name": "data-lbp1",
                  "port": 80,
                  "protocol": "Http",
                  "requestPath": "/"
                }
              ],
              "backendPools": [
                {
                  "name": "data-lb-bep1",
                  "nics": [
                    "ra-aad-ntier-data-vm1-nic1",
                    "ra-aad-ntier-data-vm2-nic1",
                    "ra-aad-ntier-data-vm3-nic1"
                  ]
                }
              ],
              "inboundNatRules": []
            }
          ]
        },

        {
          "type": "NetworkSecurityGroup",
          "settings": [

            {
              "name": "ra-aad-ntier-web-nsg",
              "virtualNetworks": [
                {
                  "name": "ra-aad-ntier-vnet",
                  "subnets": [
                    "web"
                  ]
                }
              ],
              "securityRules": [
                {
                  "name": "allow-http-traffic-from-external",
                  "description": "Allow http traffic originating externally.",
                  "protocol": "*",
                  "sourcePortRange": "*",
                  "destinationPortRange": 80,
                  "sourceAddressPrefix": "*",
                  "destinationAddressPrefix": "*",
                  "access": "Allow",
                  "priority": 100,
                  "direction": "Inbound"
                },
                {
                  "name": "allow-http-traffic-from-vnet",
                  "description": "Allow http traffic originating from vnet.",
                  "protocol": "*",
                  "sourcePortRange": "*",
                  "destinationPortRange": 80,
                  "sourceAddressPrefix": "10.0.0.0/16",
                  "destinationAddressPrefix": "*",
                  "access": "Allow",
                  "priority": 200,
                  "direction": "Inbound"
                }
              ]
            },

            {
              "name": "ra-aad-ntier-biz-nsg",
              "virtualNetworks": [
                {
                  "name": "ra-aad-ntier-vnet",
                  "subnets": [
                    "biz"
                  ]
                }
              ],
              "securityRules": [
                {
                  "name": "allow-web-traffic",
                  "description": "Allow traffic originating from web layer.",
                  "protocol": "*",
                  "sourcePortRange": "*",
                  "destinationPortRange": 80,
                  "sourceAddressPrefix": "10.0.1.0/24",
                  "destinationAddressPrefix": "*",
                  "access": "Allow",
                  "priority": 100,
                  "direction": "Inbound"
                }
              ]
            },

            {
              "name": "ra-aad-ntier-data-nsg",
              "virtualNetworks": [
                {
                  "name": "ra-aad-ntier-vnet",
                  "subnets": [
                    "data"
                  ]
                }
              ],
              "securityRules": [
                {
                  "name": "allow-biz-traffic",
                  "description": "Allow traffic originating from biz layer.",
                  "protocol": "*",
                  "sourcePortRange": "*",
                  "destinationPortRange": 9042,
                  "sourceAddressPrefix": "10.0.2.0/24",
                  "destinationAddressPrefix": "*",
                  "access": "Allow",
                  "priority": 100,
                  "direction": "Inbound"
                },
                {
                  "name": "allow-ops-center-web-traffic",
                  "description": "Allow web traffic to ops center.",
                  "protocol": "*",
                  "sourcePortRange": "*",
                  "destinationPortRange": 8888,
                  "sourceAddressPrefix": "*",
                  "destinationAddressPrefix": "*",
                  "access": "Allow",
                  "priority": 200,
                  "direction": "Inbound"
                }
              ]
            }
          ]
        },

        {
          "type": "Template",
          "settings": {
            "template": {
              "$schema": "https://schema.management.azure.com/schemas/2019-04-01/deploymentTemplate.json#",
              "contentVersion": "1.0.0.0",
              "parameters": {},
              "variables": {
                "vnetName": "ra-aad-ntier-vnet",
                "bastionName": "ra-aad-ntier-bastion",
                "bastionNsgName": "ra-aad-ntier-bastion-nsg",
                "bastionIpName": "ra-aad-ntier-bastion-ip"
              },
              "resources": [
                {
                  "type": "Microsoft.Network/networkSecurityGroups",
                  "apiVersion": "2019-09-01",
                  "name": "[variables('bastionNsgName')]",
                  "location": "[resourceGroup().location]",
                  "properties": {
                    "securityRules": [
                      {
                        "name": "in_gateway_manager_any",
                        "properties": {
                          "protocol": "*",
                          "sourcePortRange": "*",
                          "destinationPortRange": "*",
                          "sourceAddressPrefix": "GatewayManager",
                          "destinationAddressPrefix": "*",
                          "access": "Allow",
                          "priority": 100,
                          "direction": "Inbound",
                          "sourcePortRanges": [],
                          "destinationPortRanges": [],
                          "sourceAddressPrefixes": [],
                          "destinationAddressPrefixes": []
                        }
                      },
                      {
                        "name": "in_azure_cloud_any",
                        "properties": {
                          "protocol": "*",
                          "sourcePortRange": "*",
                          "destinationPortRange": "*",
                          "sourceAddressPrefix": "AzureCloud",
                          "destinationAddressPrefix": "*",
                          "access": "Allow",
                          "priority": 110,
                          "direction": "Inbound",
                          "sourcePortRanges": [],
                          "destinationPortRanges": [],
                          "sourceAddressPrefixes": [],
                          "destinationAddressPrefixes": []
                        }
                      },
                      {
                        "name": "in_any_https",
                        "properties": {
                          "protocol": "TCP",
                          "sourcePortRange": "*",
                          "destinationPortRange": "443",
                          "sourceAddressPrefix": "*",
                          "destinationAddressPrefix": "*",
                          "access": "Allow",
                          "priority": 120,
                          "direction": "Inbound",
                          "sourcePortRanges": [],
                          "destinationPortRanges": [],
                          "sourceAddressPrefixes": [],
                          "destinationAddressPrefixes": []
                        }
                      },
                      {
                        "name": "out_azure_cloud_https",
                        "properties": {
                          "protocol": "*",
                          "sourcePortRange": "*",
                          "destinationPortRange": "443",
                          "sourceAddressPrefix": "*",
                          "destinationAddressPrefix": "AzureCloud",
                          "access": "Allow",
                          "priority": 100,
                          "direction": "Outbound",
                          "sourcePortRanges": [],
                          "destinationPortRanges": [],
                          "sourceAddressPrefixes": [],
                          "destinationAddressPrefixes": []
                        }
                      },
                      {
                        "name": "out_virtualnetwork_rdp",
                        "properties": {
                          "protocol": "*",
                          "sourcePortRange": "*",
                          "destinationPortRange": "3389",
                          "sourceAddressPrefix": "*",
                          "destinationAddressPrefix": "VirtualNetwork",
                          "access": "Allow",
                          "priority": 110,
                          "direction": "Outbound",
                          "sourcePortRanges": [],
                          "destinationPortRanges": [],
                          "sourceAddressPrefixes": [],
                          "destinationAddressPrefixes": []
                        }
                      },
                      {
                        "name": "out_virtualnetwork_ssh",
                        "properties": {
                          "protocol": "*",
                          "sourcePortRange": "*",
                          "destinationPortRange": "22",
                          "sourceAddressPrefix": "*",
                          "destinationAddressPrefix": "VirtualNetwork",
                          "access": "Allow",
                          "priority": 120,
                          "direction": "Outbound",
                          "sourcePortRanges": [],
                          "destinationPortRanges": [],
                          "sourceAddressPrefixes": [],
                          "destinationAddressPrefixes": []
                        }
                      }
                    ]
                  }
                },
                {
                  "type": "Microsoft.Network/virtualNetworks/subnets",
                  "apiVersion": "2019-09-01",
                  "name": "[concat(variables('vnetName'), '/', 'AzureBastionSubnet')]",
                  "dependsOn": [
                    "[resourceId('Microsoft.Network/networkSecurityGroups', variables('bastionNsgName'))]"
                  ],
                  "properties": {
                    "addressPrefix": "10.0.254.0/27",
                    "networkSecurityGroup": {
                      "id": "[resourceId('Microsoft.Network/networkSecurityGroups', variables('bastionNsgName'))]"
                    },
                    "serviceEndpoints": [],
                    "delegations": [],
                    "privateEndpointNetworkPolicies": "Enabled",
                    "privateLinkServiceNetworkPolicies": "Enabled"
                  }
                },
                {
                  "type": "Microsoft.Network/publicIPAddresses",
                  "apiVersion": "2019-09-01",
                  "name": "[variables('bastionIpName')]",
                  "location": "[resourceGroup().location]",
                  "sku": {
                    "name": "Standard"
                  },
                  "properties": {
                    "publicIPAddressVersion": "IPv4",
                    "publicIPAllocationMethod": "Static",
                    "idleTimeoutInMinutes": 4,
                    "ipTags": []
                  }
                },
                {
                  "type": "Microsoft.Network/bastionHosts",
                  "apiVersion": "2019-09-01",
                  "name": "[variables('bastionName')]",
                  "location": "[resourceGroup().location]",
                  "dependsOn": [
                    "[resourceId('Microsoft.Network/publicIPAddresses', variables('bastionIpName'))]",
                    "[resourceId('Microsoft.Network/virtualNetworks/subnets', variables('vnetName'), 'AzureBastionSubnet')]"
                  ],
                  "properties": {
                    "ipConfigurations": [
                      {
                        "name": "IpConf",
                        "properties": {
                          "privateIPAllocationMethod": "Dynamic",
                          "publicIPAddress": {
                            "id": "[resourceId('Microsoft.Network/publicIPAddresses',  variables('bastionIpName'))]"
                          },
                          "subnet": {
                            "id": "[resourceId('Microsoft.Network/virtualNetworks/subnets', variables('vnetName'), 'AzureBastionSubnet')]"
                          }
                        }
                      }
                    ]
                  }
                }
              ]
            }
          }
        }

      ]
    }
  }
}