﻿{
  "$schema": "https://raw.githubusercontent.com/mspnp/template-building-blocks/master/schemas/buildingBlocks.json",
  "contentVersion": "1.0.0.0",
  "parameters": {
    "buildingBlocks": {
      "value": [
        {
          "type": "VirtualNetwork",
          "settings": [
            {
              "name": "ra-aad-onpremise-vnet",
              "addressPrefixes": [
                "192.168.0.0/16"
              ],
              "subnets": [
                {
                  "name": "adds",
                  "addressPrefix": "192.168.0.0/24"
                },
                {
                  "name": "adc",
                  "addressPrefix": "192.168.1.0/24"
                }
              ],
              "dnsServers": [
                "192.168.0.4",
                "192.168.0.5",
                "168.63.129.16"
              ]
            }
          ]
        },
        {
          "type": "VirtualMachine",
          "settings": {
            "vmCount": 3,
            "namePrefix": "ra-aad-onpremise-adc",
            "computerNamePrefix": "adc",
            "size": "Standard_DS3_v2",
            "osType": "windows",
            "adminUsername": "testuser",
            "adminPassword": "<placeholder>",
            "virtualNetwork": {
              "name": "ra-aad-onpremise-vnet"
            },
            "nics": [
              {
                "isPublic": true,
                "publicIPAllocationMethod": "Static",
                "subnetName": "adc",
                "privateIPAllocationMethod": "Static",
                "startingIPAddress": "192.168.1.4"
              }
            ],
            "imageReference": {
              "publisher": "MicrosoftWindowsServer",
              "offer": "WindowsServer",
              "sku": "2012-R2-Datacenter",
              "version": "latest"
            },
            "dataDisks": {
              "count": 1,
              "diskSizeGB": 127,
              "caching": "None",
              "createOption": "Empty"
            }
          }
        },
        {
          "type": "VirtualMachine",
          "settings": {
            "vmCount": 2,
            "namePrefix": "ra-aad-onpremise-ad",
            "computerNamePrefix": "ad",
            "size": "Standard_DS3_v2",
            "osType": "windows",
            "adminUsername": "testuser",
            "adminPassword": "<placeholder>",
            "virtualNetwork": {
              "name": "ra-aad-onpremise-vnet"
            },
            "nics": [
              {
                "isPublic": true,
                "publicIPAllocationMethod": "Static",
                "subnetName": "adds",
                "privateIPAllocationMethod": "Static",
                "startingIPAddress": "192.168.0.4"
              }
            ],
            "imageReference": {
              "publisher": "MicrosoftWindowsServer",
              "offer": "WindowsServer",
              "sku": "2012-R2-Datacenter",
              "version": "latest"
            },
            "dataDisks": {
              "count": 1,
              "diskSizeGB": 127,
              "caching": "None",
              "createOption": "Empty"
            }
          }
        },
        {
          "type": "VirtualMachineExtension",
          "settings": [
            {
              "vms": [
                "ra-aad-onpremise-ad-vm1"
              ],
              "extensions": [
                {
                  "name": "install-adds-forest",
                  "publisher": "Microsoft.Powershell",
                  "type": "DSC",
                  "typeHandlerVersion": "2.7",
                  "autoUpgradeMinorVersion": true,
                  "settings": {
                    "ModulesUrl": "https://github.com/mspnp/identity-reference-architectures/raw/master/azure-ad/extensions/azure-ad.zip",
                    "ConfigurationFunction": "create-forest.ps1\\CreateForest",
                    "Properties": {
                      "DomainName": "contoso.com",
                      "DomainNetbiosName": "CONTOSO",
                      "AdminCreds": {
                        "UserName": "testuser",
                        "Password": "PrivateSettingsRef:AdminPassword"
                      },
                      "SafeModeAdminCreds": {
                        "UserName": "testsafeadminuser",
                        "Password": "PrivateSettingsRef:SafeModeAdminPassword"
                      }
                    }
                  },
                  "protectedSettings": {
                    "Items": {
                      "AdminPassword": "<placeholder>",
                      "SafeModeAdminPassword": "<placeholder>"
                    }
                  }
                }
              ]
            }
          ]
        },
        {
          "type": "VirtualMachineExtension",
          "settings": [
            {
              "vms": [
                "ra-aad-onpremise-ad-vm2"
              ],
              "extensions": [
                {
                  "name": "install-adds",
                  "publisher": "Microsoft.Powershell",
                  "type": "DSC",
                  "typeHandlerVersion": "2.7",
                  "autoUpgradeMinorVersion": true,
                  "settings": {
                    "ModulesUrl": "https://github.com/mspnp/identity-reference-architectures/raw/master/azure-ad/extensions/azure-ad.zip",
                    "ConfigurationFunction": "add-controller.ps1\\AddController",
                    "Properties": {
                      "DomainName": "contoso.com",
                      "SiteName": "Default-First-Site-Name",
                      "PrimaryDcIpAddress": "192.168.0.4",
                      "AdminCreds": {
                        "UserName": "testuser",
                        "Password": "PrivateSettingsRef:AdminPassword"
                      },
                      "SafeModeAdminCreds": {
                        "UserName": "testsafeadminuser",
                        "Password": "PrivateSettingsRef:SafeModeAdminPassword"
                      }
                    }
                  },
                  "protectedSettings": {
                    "Items": {
                      "AdminPassword": "<placeholder>",
                      "SafeModeAdminPassword": "<placeholder>"
                    }
                  }
                }
              ]
            }
          ]
        },
        {
          "type": "VirtualMachineExtension",
          "settings": [
            {
              "vms": [
                "ra-aad-onpremise-adc-vm1",
                "ra-aad-onpremise-adc-vm2"
              ],
              "extensions": [
                {
                  "name": "install-adds",
                  "publisher": "Microsoft.Powershell",
                  "type": "DSC",
                  "typeHandlerVersion": "2.7",
                  "autoUpgradeMinorVersion": true,
                  "settings": {
                    "ModulesUrl": "https://github.com/mspnp/identity-reference-architectures/raw/master/azure-ad/extensions/azure-ad.zip",
                    "ConfigurationFunction": "join-ad.ps1\\JoinAD",
                    "Properties": {
                      "DomainName": "contoso.com",
                      "Credentials": {
                        "UserName": "testuser",
                        "Password": "PrivateSettingsRef:Password"
                      }
                    }
                  },
                  "protectedSettings": {
                    "Items": {
                      "Password": "<placeholder>"
                    }
                  }
                }
              ]
            }
          ]
        },
        {
          "type": "VirtualNetwork",
          "settings": [
            {
              "name": "ra-aad-onpremise-vnet",
              "addressPrefixes": [
                "192.168.0.0/16"
              ],
              "subnets": [
                {
                  "name": "adds",
                  "addressPrefix": "192.168.0.0/24"
                },
                {
                  "name": "adc",
                  "addressPrefix": "192.168.1.0/24"
                },
                {
                  "name": "mgmt",
                  "addressPrefix": "192.168.2.128/25"
                }
              ],
              "dnsServers": [
                "192.168.0.4",
                "192.168.0.5"
              ]
            }
          ]
        },
        {
          "type": "NetworkSecurityGroup",
          "settings": [
            {
              "name": "ra-aad-onpremise-nsg",
              "securityRules": [
                {
                  "name": "RDP"
                }
              ],
              "virtualNetworks": [
                {
                  "name": "ra-aad-onpremise-vnet",
                  "subnets": [
                    "adds",
                    "adc"
                  ]
                }
              ]
            }
          ]
        }
      ]
    }
  }
}